amenity_id,amenity_name
1,Parking
2,Security
3,Club House
4,Parking
5,Club House
6,Swimming Pool
7,Play Area
8,Play Area
9,Gym
10,Play Area
11,Play Area
12,Parking
13,Play Area
14,Security
15,Gym
16,Garden
17,Garden
18,Play Area
19,Play Area
20,Parking
21,Security
22,Play Area
23,Swimming Pool
24,Swimming Pool
25,Parking
26,Club House
27,Garden
28,Gym
29,Play Area
30,Garden
31,Gym
32,Play Area
33,Play Area
34,Parking
35,Play Area
36,Garden
37,Gym
38,Security
39,Gym
40,Gym
41,Security
42,Parking
43,Garden
44,Swimming Pool
45,Garden
46,Swimming Pool
47,Gym
48,Swimming Pool
49,Security
50,Swimming Pool
51,Gym
52,Swimming Pool
53,Security
54,Security
55,Play Area
56,Gym
57,Club House
58,Play Area
59,Club House
60,Swimming Pool
61,Security
62,Play Area
63,Play Area
64,Garden
65,Club House
